{
  "nodes":[
    {
     "name": "Aatrox",
     "graph_num": 0,
     "id":   266,
     "link": "http://www.mobafire.com/league-of-legends/champion/Aatrox-114",
     "img":  "http://ddragon.leagueoflegends.com/cdn/6.8.1/img/champion/Aatrox.png",
     "group": 1},
    {
     "name": "Ahri",
     "graph_num": 1,
     "id":   103,
     "link": "http://www.mobafire.com/league-of-legends/champion/Ahri-89",
     "img":  "http://ddragon.leagueoflegends.com/cdn/6.8.1/img/champion/Ahri.png",
     "group": 2},
    {
     "name": "Akali",
     "graph_num": 2,
     "id":   84,
     "link": "http://www.mobafire.com/league-of-legends/champion/Akali-50",
     "img":  "http://ddragon.leagueoflegends.com/cdn/6.8.1/img/champion/Akali.png",
     "group": 1},
    {
     "name": "Alistar",
     "graph_num": 3,
     "id":   12,
     "link": "http://www.mobafire.com/league-of-legends/champion/Alistar-4",
     "img":  "http://ddragon.leagueoflegends.com/cdn/6.8.1/img/champion/Alistar.png",
     "group": 1},
    {
     "name": "Amumu",
     "graph_num": 4,
     "id":   32,
     "link": "http://www.mobafire.com/league-of-legends/champion/Amumu-23",
     "img":  "http://ddragon.leagueoflegends.com/cdn/6.8.1/img/champion/Amumu.png",
     "group": 1},
    {
     "name": "Anivia",
     "graph_num": 5,
     "id":   34,
     "link": "http://www.mobafire.com/league-of-legends/champion/Anivia-25",
     "img":  "http://ddragon.leagueoflegends.com/cdn/6.8.1/img/champion/Anivia.png",
     "group": 1},
    {
     "name": "Annie",
     "graph_num": 6,
     "id":   1,
     "link": "http://www.mobafire.com/league-of-legends/champion/Annie-1",
     "img":  "http://ddragon.leagueoflegends.com/cdn/6.8.1/img/champion/Annie.png",
     "group": 1},
    {
     "name": "Ashe",
     "graph_num": 7,
     "id":   22,
     "link": "http://www.mobafire.com/league-of-legends/champion/Ashe-13",
     "img":  "http://ddragon.leagueoflegends.com/cdn/6.8.1/img/champion/Ashe.png",
     "group": 1},
    {
     "name": "Aurelion Sol",
     "graph_num": 8,
     "id":   136,
     "link": "http://www.mobafire.com/league-of-legends/champion/aurelion-sol-130",
     "img":  "http://ddragon.leagueoflegends.com/cdn/6.8.1/img/champion/AurelionSol.png",
     "group": 1},
    {
     "name": "Azir",
     "graph_num": 9,
     "id":   268,
     "link": "http://www.mobafire.com/league-of-legends/champion/Azir-121",
     "img":  "http://ddragon.leagueoflegends.com/cdn/6.8.1/img/champion/Azir.png",
     "group": 2},
    {
     "name": "Bard",
     "graph_num": 10,
     "id":   432,
     "link": "http://www.mobafire.com/league-of-legends/champion/Bard-124",
     "img":  "http://ddragon.leagueoflegends.com/cdn/6.8.1/img/champion/Bard.png",
     "group": 2},
    {
     "name": "Blitzcrank",
     "graph_num": 11,
     "id":   53,
     "link": "http://www.mobafire.com/league-of-legends/champion/Blitzcrank-34",
     "img":  "http://ddragon.leagueoflegends.com/cdn/6.8.1/img/champion/Blitzcrank.png",
     "group": 2},
    {
     "name": "Brand",
     "graph_num": 12,
     "id":   63,
     "link": "http://www.mobafire.com/league-of-legends/champion/Brand-74",
     "img":  "http://ddragon.leagueoflegends.com/cdn/6.8.1/img/champion/Brand.png",
     "group": 1},
    {
     "name": "Braum",
     "graph_num": 13,
     "id":   201,
     "link": "http://www.mobafire.com/league-of-legends/champion/Braum-119",
     "img":  "http://ddragon.leagueoflegends.com/cdn/6.8.1/img/champion/Braum.png",
     "group": 1},
    {
     "name": "Caitlyn",
     "graph_num": 14,
     "id":   51,
     "link": "http://www.mobafire.com/league-of-legends/champion/Caitlyn-67",
     "img":  "http://ddragon.leagueoflegends.com/cdn/6.8.1/img/champion/Caitlyn.png",
     "group": 1},
    {
     "name": "Cassiopeia",
     "graph_num": 15,
     "id":   69,
     "link": "http://www.mobafire.com/league-of-legends/champion/Cassiopeia-66",
     "img":  "http://ddragon.leagueoflegends.com/cdn/6.8.1/img/champion/Cassiopeia.png",
     "group": 1},
    {
     "name": "Cho'Gath",
     "graph_num": 16,
     "id":   31,
     "link": "http://www.mobafire.com/league-of-legends/champion/chogath-22",
     "img":  "http://ddragon.leagueoflegends.com/cdn/6.8.1/img/champion/Chogath.png",
     "group": 1},
    {
     "name": "Corki",
     "graph_num": 17,
     "id":   42,
     "link": "http://www.mobafire.com/league-of-legends/champion/Corki-31",
     "img":  "http://ddragon.leagueoflegends.com/cdn/6.8.1/img/champion/Corki.png",
     "group": 2},
    {
     "name": "Darius",
     "graph_num": 18,
     "id":   122,
     "link": "http://www.mobafire.com/league-of-legends/champion/Darius-98",
     "img":  "http://ddragon.leagueoflegends.com/cdn/6.8.1/img/champion/Darius.png",
     "group": 1},
    {
     "name": "Diana",
     "graph_num": 19,
     "id":   131,
     "link": "http://www.mobafire.com/league-of-legends/champion/Diana-102",
     "img":  "http://ddragon.leagueoflegends.com/cdn/6.8.1/img/champion/Diana.png",
     "group": 1},
    {
     "name": "Dr. Mundo",
     "graph_num": 20,
     "id":   36,
     "link": "http://www.mobafire.com/league-of-legends/champion/dr-mundo-26",
     "img":  "http://ddragon.leagueoflegends.com/cdn/6.8.1/img/champion/DrMundo.png",
     "group": 1},
    {
     "name": "Draven",
     "graph_num": 21,
     "id":   119,
     "link": "http://www.mobafire.com/league-of-legends/champion/Draven-99",
     "img":  "http://ddragon.leagueoflegends.com/cdn/6.8.1/img/champion/Draven.png",
     "group": 1},
    {
     "name": "Ekko",
     "graph_num": 22,
     "id":   245,
     "link": "http://www.mobafire.com/league-of-legends/champion/Ekko-125",
     "img":  "http://ddragon.leagueoflegends.com/cdn/6.8.1/img/champion/Ekko.png",
     "group": 2},
    {
     "name": "Elise",
     "graph_num": 23,
     "id":   60,
     "link": "http://www.mobafire.com/league-of-legends/champion/Elise-106",
     "img":  "http://ddragon.leagueoflegends.com/cdn/6.8.1/img/champion/Elise.png",
     "group": 2},
    {
     "name": "Evelynn",
     "graph_num": 24,
     "id":   28,
     "link": "http://www.mobafire.com/league-of-legends/champion/Evelynn-19",
     "img":  "http://ddragon.leagueoflegends.com/cdn/6.8.1/img/champion/Evelynn.png",
     "group": 1},
    {
     "name": "Ezreal",
     "graph_num": 25,
     "id":   81,
     "link": "http://www.mobafire.com/league-of-legends/champion/Ezreal-47",
     "img":  "http://ddragon.leagueoflegends.com/cdn/6.8.1/img/champion/Ezreal.png",
     "group": 2},
    {
     "name": "Fiddlesticks",
     "graph_num": 26,
     "id":   9,
     "link": "http://www.mobafire.com/league-of-legends/champion/Fiddlesticks-38",
     "img":  "http://ddragon.leagueoflegends.com/cdn/6.8.1/img/champion/FiddleSticks.png",
     "group": 1},
    {
     "name": "Fiora",
     "graph_num": 27,
     "id":   114,
     "link": "http://www.mobafire.com/league-of-legends/champion/Fiora-94",
     "img":  "http://ddragon.leagueoflegends.com/cdn/6.8.1/img/champion/Fiora.png",
     "group": 2},
    {
     "name": "Fizz",
     "graph_num": 28,
     "id":   105,
     "link": "http://www.mobafire.com/league-of-legends/champion/Fizz-87",
     "img":  "http://ddragon.leagueoflegends.com/cdn/6.8.1/img/champion/Fizz.png",
     "group": 2},
    {
     "name": "Galio",
     "graph_num": 29,
     "id":   3,
     "link": "http://www.mobafire.com/league-of-legends/champion/Galio-57",
     "img":  "http://ddragon.leagueoflegends.com/cdn/6.8.1/img/champion/Galio.png",
     "group": 1},
    {
     "name": "Gangplank",
     "graph_num": 30,
     "id":   41,
     "link": "http://www.mobafire.com/league-of-legends/champion/Gangplank-30",
     "img":  "http://ddragon.leagueoflegends.com/cdn/6.8.1/img/champion/Gangplank.png",
     "group": 2},
    {
     "name": "Garen",
     "graph_num": 31,
     "id":   86,
     "link": "http://www.mobafire.com/league-of-legends/champion/Garen-51",
     "img":  "http://ddragon.leagueoflegends.com/cdn/6.8.1/img/champion/Garen.png",
     "group": 1},
    {
     "name": "Gnar",
     "graph_num": 32,
     "id":   150,
     "link": "http://www.mobafire.com/league-of-legends/champion/Gnar-120",
     "img":  "http://ddragon.leagueoflegends.com/cdn/6.8.1/img/champion/Gnar.png",
     "group": 1},
    {
     "name": "Gragas",
     "graph_num": 33,
     "id":   79,
     "link": "http://www.mobafire.com/league-of-legends/champion/Gragas-45",
     "img":  "http://ddragon.leagueoflegends.com/cdn/6.8.1/img/champion/Gragas.png",
     "group": 2},
    {
     "name": "Graves",
     "graph_num": 34,
     "id":   104,
     "link": "http://www.mobafire.com/league-of-legends/champion/Graves-85",
     "img":  "http://ddragon.leagueoflegends.com/cdn/6.8.1/img/champion/Graves.png",
     "group": 2},
    {
     "name": "Hecarim",
     "graph_num": 35,
     "id":   120,
     "link": "http://www.mobafire.com/league-of-legends/champion/Hecarim-96",
     "img":  "http://ddragon.leagueoflegends.com/cdn/6.8.1/img/champion/Hecarim.png",
     "group": 1},
    {
     "name": "Heimerdinger",
     "graph_num": 36,
     "id":   74,
     "link": "http://www.mobafire.com/league-of-legends/champion/Heimerdinger-40",
     "img":  "http://ddragon.leagueoflegends.com/cdn/6.8.1/img/champion/Heimerdinger.png",
     "group": 1},
    {
     "name": "Illaoi",
     "graph_num": 37,
     "id":   420,
     "link": "http://www.mobafire.com/league-of-legends/champion/Illaoi-128",
     "img":  "http://ddragon.leagueoflegends.com/cdn/6.8.1/img/champion/Illaoi.png",
     "group": 1},
    {
     "name": "Irelia",
     "graph_num": 38,
     "id":   39,
     "link": "http://www.mobafire.com/league-of-legends/champion/Irelia-64",
     "img":  "http://ddragon.leagueoflegends.com/cdn/6.8.1/img/champion/Irelia.png",
     "group": 1},
    {
     "name": "Janna",
     "graph_num": 39,
     "id":   40,
     "link": "http://www.mobafire.com/league-of-legends/champion/Janna-29",
     "img":  "http://ddragon.leagueoflegends.com/cdn/6.8.1/img/champion/Janna.png",
     "group": 2},
    {
     "name": "Jarvan IV",
     "graph_num": 40,
     "id":   59,
     "link": "http://www.mobafire.com/league-of-legends/champion/Jarvan-iv-71",
     "img":  "http://ddragon.leagueoflegends.com/cdn/6.8.1/img/champion/JarvanIV.png",
     "group": 1},
    {
     "name": "Jax",
     "graph_num": 41,
     "id":   24,
     "link": "http://www.mobafire.com/league-of-legends/champion/Jax-15",
     "img":  "http://ddragon.leagueoflegends.com/cdn/6.8.1/img/champion/Jax.png",
     "group": 1},
    {
     "name": "Jayce",
     "graph_num": 42,
     "id":   126,
     "link": "http://www.mobafire.com/league-of-legends/champion/Jayce-100",
     "img":  "http://ddragon.leagueoflegends.com/cdn/6.8.1/img/champion/Jayce.png",
     "group": 1},
    {
     "name": "Jhin",
     "graph_num": 43,
     "id":   202,
     "link": "http://www.mobafire.com/league-of-legends/champion/Jhin-129",
     "img":  "http://ddragon.leagueoflegends.com/cdn/6.8.1/img/champion/Jhin.png",
     "group": 1},
    {
     "name": "Jinx",
     "graph_num": 44,
     "id":   222,
     "link": "http://www.mobafire.com/league-of-legends/champion/Jinx-116",
     "img":  "http://ddragon.leagueoflegends.com/cdn/6.8.1/img/champion/Jinx.png",
     "group": 2},
    {
     "name": "Kalista",
     "graph_num": 45,
     "id":   429,
     "link": "http://www.mobafire.com/league-of-legends/champion/Kalista-122",
     "img":  "http://ddragon.leagueoflegends.com/cdn/6.8.1/img/champion/Kalista.png",
     "group": 2},
    {
     "name": "Karma",
     "graph_num": 46,
     "id":   43,
     "link": "http://www.mobafire.com/league-of-legends/champion/Karma-69",
     "img":  "http://ddragon.leagueoflegends.com/cdn/6.8.1/img/champion/Karma.png",
     "group": 1},
    {
     "name": "Karthus",
     "graph_num": 47,
     "id":   30,
     "link": "http://www.mobafire.com/league-of-legends/champion/Karthus-21",
     "img":  "http://ddragon.leagueoflegends.com/cdn/6.8.1/img/champion/Karthus.png",
     "group": 1},
    {
     "name": "Kassadin",
     "graph_num": 48,
     "id":   38,
     "link": "http://www.mobafire.com/league-of-legends/champion/Kassadin-27",
     "img":  "http://ddragon.leagueoflegends.com/cdn/6.8.1/img/champion/Kassadin.png",
     "group": 1},
    {
     "name": "Katarina",
     "graph_num": 49,
     "id":   55,
     "link": "http://www.mobafire.com/league-of-legends/champion/Katarina-36",
     "img":  "http://ddragon.leagueoflegends.com/cdn/6.8.1/img/champion/Katarina.png",
     "group": 1},
    {
     "name": "Kayle",
     "graph_num": 50,
     "id":   10,
     "link": "http://www.mobafire.com/league-of-legends/champion/Kayle-2",
     "img":  "http://ddragon.leagueoflegends.com/cdn/6.8.1/img/champion/Kayle.png",
     "group": 1},
    {
     "name": "Kennen",
     "graph_num": 51,
     "id":   85,
     "link": "http://www.mobafire.com/league-of-legends/champion/Kennen-49",
     "img":  "http://ddragon.leagueoflegends.com/cdn/6.8.1/img/champion/Kennen.png",
     "group": 1},
    {
     "name": "Kha'Zix",
     "graph_num": 52,
     "id":   121,
     "link": "http://www.mobafire.com/league-of-legends/champion/khazix-105",
     "img":  "http://ddragon.leagueoflegends.com/cdn/6.8.1/img/champion/Khazix.png",
     "group": 1},
    {
     "name": "Kindred",
     "graph_num": 53,
     "id":   203,
     "link": "http://www.mobafire.com/league-of-legends/champion/Kindred-127",
     "img":  "http://ddragon.leagueoflegends.com/cdn/6.8.1/img/champion/Kindred.png",
     "group": 1},
    {
     "name": "Kog'Maw",
     "graph_num": 54,
     "id":   96,
     "link": "http://www.mobafire.com/league-of-legends/champion/kogmaw-54",
     "img":  "http://ddragon.leagueoflegends.com/cdn/6.8.1/img/champion/KogMaw.png",
     "group": 1},
    {
     "name": "LeBlanc",
     "graph_num": 55,
     "id":   7,
     "link": "http://www.mobafire.com/league-of-legends/champion/LeBlanc-63",
     "img":  "http://ddragon.leagueoflegends.com/cdn/6.8.1/img/champion/Leblanc.png",
     "group": 2},
    {
     "name": "Lee Sin",
     "graph_num": 56,
     "id":   64,
     "link": "http://www.mobafire.com/league-of-legends/champion/lee-sin-73",
     "img":  "http://ddragon.leagueoflegends.com/cdn/6.8.1/img/champion/LeeSin.png",
     "group": 2},
    {
     "name": "Leona",
     "graph_num": 57,
     "id":   89,
     "link": "http://www.mobafire.com/league-of-legends/champion/Leona-79",
     "img":  "http://ddragon.leagueoflegends.com/cdn/6.8.1/img/champion/Leona.png",
     "group": 1},
    {
     "name": "Lissandra",
     "graph_num": 58,
     "id":   127,
     "link": "http://www.mobafire.com/league-of-legends/champion/Lissandra-113",
     "img":  "http://ddragon.leagueoflegends.com/cdn/6.8.1/img/champion/Lissandra.png",
     "group": 1},
    {
     "name": "Lucian",
     "graph_num": 59,
     "id":   236,
     "link": "http://www.mobafire.com/league-of-legends/champion/Lucian-115",
     "img":  "http://ddragon.leagueoflegends.com/cdn/6.8.1/img/champion/Lucian.png",
     "group": 2},
    {
     "name": "Lulu",
     "graph_num": 60,
     "id":   117,
     "link": "http://www.mobafire.com/league-of-legends/champion/Lulu-95",
     "img":  "http://ddragon.leagueoflegends.com/cdn/6.8.1/img/champion/Lulu.png",
     "group": 2},
    {
     "name": "Lux",
     "graph_num": 61,
     "id":   99,
     "link": "http://www.mobafire.com/league-of-legends/champion/Lux-62",
     "img":  "http://ddragon.leagueoflegends.com/cdn/6.8.1/img/champion/Lux.png",
     "group": 1},
    {
     "name": "Malphite",
     "graph_num": 62,
     "id":   54,
     "link": "http://www.mobafire.com/league-of-legends/champion/Malphite-35",
     "img":  "http://ddragon.leagueoflegends.com/cdn/6.8.1/img/champion/Malphite.png",
     "group": 1},
    {
     "name": "Malzahar",
     "graph_num": 63,
     "id":   90,
     "link": "http://www.mobafire.com/league-of-legends/champion/Malzahar-52",
     "img":  "http://ddragon.leagueoflegends.com/cdn/6.8.1/img/champion/Malzahar.png",
     "group": 1},
    {
     "name": "Maokai",
     "graph_num": 64,
     "id":   57,
     "link": "http://www.mobafire.com/league-of-legends/champion/Maokai-70",
     "img":  "http://ddragon.leagueoflegends.com/cdn/6.8.1/img/champion/Maokai.png",
     "group": 1},
    {
     "name": "Master Yi",
     "graph_num": 65,
     "id":   11,
     "link": "http://www.mobafire.com/league-of-legends/champion/Master-Yi-3",
     "img":  "http://ddragon.leagueoflegends.com/cdn/6.8.1/img/champion/MasterYi.png",
     "group": 1},
    {
     "name": "Miss Fortune",
     "graph_num": 66,
     "id":   21,
     "link": "http://www.mobafire.com/league-of-legends/champion/miss-fortune-59",
     "img":  "http://ddragon.leagueoflegends.com/cdn/6.8.1/img/champion/MissFortune.png",
     "group": 1},
    {
     "name": "Mordekaiser",
     "graph_num": 67,
     "id":   82,
     "link": "http://www.mobafire.com/league-of-legends/champion/Mordekaiser-46",
     "img":  "http://ddragon.leagueoflegends.com/cdn/6.8.1/img/champion/Mordekaiser.png",
     "group": 1},
    {
     "name": "Morgana",
     "graph_num": 68,
     "id":   25,
     "link": "http://www.mobafire.com/league-of-legends/champion/Morgana-16",
     "img":  "http://ddragon.leagueoflegends.com/cdn/6.8.1/img/champion/Morgana.png",
     "group": 1},
    {
     "name": "Nami",
     "graph_num": 69,
     "id":   267,
     "link": "http://www.mobafire.com/league-of-legends/champion/Nami-108",
     "img":  "http://ddragon.leagueoflegends.com/cdn/6.8.1/img/champion/Nami.png",
     "group": 1},
    {
     "name": "Nasus",
     "graph_num": 70,
     "id":   75,
     "link": "http://www.mobafire.com/league-of-legends/champion/Nasus-37",
     "img":  "http://ddragon.leagueoflegends.com/cdn/6.8.1/img/champion/Nasus.png",
     "group": 1},
    {
     "name": "Nautilus",
     "graph_num": 71,
     "id":   111,
     "link": "http://www.mobafire.com/league-of-legends/champion/Nautilus-93",
     "img":  "http://ddragon.leagueoflegends.com/cdn/6.8.1/img/champion/Nautilus.png",
     "group": 1},
    {
     "name": "Nidalee",
     "graph_num": 72,
     "id":   76,
     "link": "http://www.mobafire.com/league-of-legends/champion/Nidalee-42",
     "img":  "http://ddragon.leagueoflegends.com/cdn/6.8.1/img/champion/Nidalee.png",
     "group": 2},
    {
     "name": "Nocturne",
     "graph_num": 73,
     "id":   56,
     "link": "http://www.mobafire.com/league-of-legends/champion/nocturne-72",
     "img":  "http://ddragon.leagueoflegends.com/cdn/6.8.1/img/champion/Nocturne.png",
     "group": 1},
    {
     "name": "Nunu",
     "graph_num": 74,
     "id":   20,
     "link": "http://www.mobafire.com/league-of-legends/champion/Nunu-12",
     "img":  "http://ddragon.leagueoflegends.com/cdn/6.8.1/img/champion/Nunu.png",
     "group": 1},
    {
     "name": "Olaf",
     "graph_num": 75,
     "id":   2,
     "link": "http://www.mobafire.com/league-of-legends/champion/Olaf-53",
     "img":  "http://ddragon.leagueoflegends.com/cdn/6.8.1/img/champion/Olaf.png",
     "group": 1},
    {
     "name": "Orianna",
     "graph_num": 76,
     "id":   61,
     "link": "http://www.mobafire.com/league-of-legends/champion/Orianna-77",
     "img":  "http://ddragon.leagueoflegends.com/cdn/6.8.1/img/champion/Orianna.png",
     "group": 1},
    {
     "name": "Pantheon",
     "graph_num": 77,
     "id":   80,
     "link": "http://www.mobafire.com/league-of-legends/champion/Pantheon-44",
     "img":  "http://ddragon.leagueoflegends.com/cdn/6.8.1/img/champion/Pantheon.png",
     "group": 1},
    {
     "name": "Poppy",
     "graph_num": 78,
     "id":   78,
     "link": "http://www.mobafire.com/league-of-legends/champion/Poppy-43",
     "img":  "http://ddragon.leagueoflegends.com/cdn/6.8.1/img/champion/Poppy.png",
     "group": 1},
    {
     "name": "Quinn",
     "graph_num": 79,
     "id":   133,
     "link": "http://www.mobafire.com/league-of-legends/champion/Quinn-111",
     "img":  "http://ddragon.leagueoflegends.com/cdn/6.8.1/img/champion/Quinn.png",
     "group": 1},
    {
     "name": "Rammus",
     "graph_num": 80,
     "id":   33,
     "link": "http://www.mobafire.com/league-of-legends/champion/Rammus-24",
     "img":  "http://ddragon.leagueoflegends.com/cdn/6.8.1/img/champion/Rammus.png",
     "group": 1},
    {
     "name": "Rek'Sai",
     "graph_num": 81,
     "id":   421,
     "link": "http://www.mobafire.com/league-of-legends/champion/reksai-123",
     "img":  "http://ddragon.leagueoflegends.com/cdn/6.8.1/img/champion/RekSai.png",
     "group": 2},
    {
     "name": "Renekton",
     "graph_num": 82,
     "id":   58,
     "link": "http://www.mobafire.com/league-of-legends/champion/Renekton-68",
     "img":  "http://ddragon.leagueoflegends.com/cdn/6.8.1/img/champion/Renekton.png",
     "group": 1},
    {
     "name": "Rengar",
     "graph_num": 83,
     "id":   107,
     "link": "http://www.mobafire.com/league-of-legends/champion/Rengar-103",
     "img":  "http://ddragon.leagueoflegends.com/cdn/6.8.1/img/champion/Rengar.png",
     "group": 2},
    {
     "name": "Riven",
     "graph_num": 84,
     "id":   92,
     "link": "http://www.mobafire.com/league-of-legends/champion/Riven-83",
     "img":  "http://ddragon.leagueoflegends.com/cdn/6.8.1/img/champion/Riven.png",
     "group": 2},
    {
     "name": "Rumble",
     "graph_num": 85,
     "id":   68,
     "link": "http://www.mobafire.com/league-of-legends/champion/Rumble-75",
     "img":  "http://ddragon.leagueoflegends.com/cdn/6.8.1/img/champion/Rumble.png",
     "group": 1},
    {
     "name": "Ryze",
     "graph_num": 86,
     "id":   13,
     "link": "http://www.mobafire.com/league-of-legends/champion/Ryze-5",
     "img":  "http://ddragon.leagueoflegends.com/cdn/6.8.1/img/champion/Ryze.png",
     "group": 1},
    {
     "name": "Sejuani",
     "graph_num": 87,
     "id":   113,
     "link": "http://www.mobafire.com/league-of-legends/champion/Sejuani-91",
     "img":  "http://ddragon.leagueoflegends.com/cdn/6.8.1/img/champion/Sejuani.png",
     "group": 1},
    {
     "name": "Shaco",
     "graph_num": 88,
     "id":   35,
     "link": "http://www.mobafire.com/league-of-legends/champion/Shaco-41",
     "img":  "http://ddragon.leagueoflegends.com/cdn/6.8.1/img/champion/Shaco.png",
     "group": 1},
    {
     "name": "Shen",
     "graph_num": 89,
     "id":   98,
     "link": "http://www.mobafire.com/league-of-legends/champion/Shen-48",
     "img":  "http://ddragon.leagueoflegends.com/cdn/6.8.1/img/champion/Shen.png",
     "group": 1},
    {
     "name": "Shyvana",
     "graph_num": 90,
     "id":   102,
     "link": "http://www.mobafire.com/league-of-legends/champion/Shyvana-86",
     "img":  "http://ddragon.leagueoflegends.com/cdn/6.8.1/img/champion/Shyvana.png",
     "group": 1},
    {
     "name": "Singed",
     "graph_num": 91,
     "id":   27,
     "link": "http://www.mobafire.com/league-of-legends/champion/Singed-18",
     "img":  "http://ddragon.leagueoflegends.com/cdn/6.8.1/img/champion/Singed.png",
     "group": 1},
    {
     "name": "Sion",
     "graph_num": 92,
     "id":   14,
     "link": "http://www.mobafire.com/league-of-legends/champion/Sion-6",
     "img":  "http://ddragon.leagueoflegends.com/cdn/6.8.1/img/champion/Sion.png",
     "group": 1},
    {
     "name": "Sivir",
     "graph_num": 93,
     "id":   15,
     "link": "http://www.mobafire.com/league-of-legends/champion/Sivir-7",
     "img":  "http://ddragon.leagueoflegends.com/cdn/6.8.1/img/champion/Sivir.png",
     "group": 1},
    {
     "name": "Skarner",
     "graph_num": 94,
     "id":   72,
     "link": "http://www.mobafire.com/league-of-legends/champion/Skarner-81",
     "img":  "http://ddragon.leagueoflegends.com/cdn/6.8.1/img/champion/Skarner.png",
     "group": 1},
    {
     "name": "Sona",
     "graph_num": 95,
     "id":   37,
     "link": "http://www.mobafire.com/league-of-legends/champion/Sona-60",
     "img":  "http://ddragon.leagueoflegends.com/cdn/6.8.1/img/champion/Sona.png",
     "group": 1},
    {
     "name": "Soraka",
     "graph_num": 96,
     "id":   16,
     "link": "http://www.mobafire.com/league-of-legends/champion/Soraka-8",
     "img":  "http://ddragon.leagueoflegends.com/cdn/6.8.1/img/champion/Soraka.png",
     "group": 1},
    {
     "name": "Swain",
     "graph_num": 97,
     "id":   50,
     "link": "http://www.mobafire.com/league-of-legends/champion/Swain-61",
     "img":  "http://ddragon.leagueoflegends.com/cdn/6.8.1/img/champion/Swain.png",
     "group": 1},
    {
     "name": "Syndra",
     "graph_num": 98,
     "id":   134,
     "link": "http://www.mobafire.com/league-of-legends/champion/Syndra-104",
     "img":  "http://ddragon.leagueoflegends.com/cdn/6.8.1/img/champion/Syndra.png",
     "group": 1},
    {
     "name": "Tahm Kench",
     "graph_num": 99,
     "id":   223,
     "link": "http://www.mobafire.com/league-of-legends/champion/tahm-kench-126",
     "img":  "http://ddragon.leagueoflegends.com/cdn/6.8.1/img/champion/TahmKench.png",
     "group": 1},
    {
     "name": "Talon",
     "graph_num": 100,
     "id":   91,
     "link": "http://www.mobafire.com/league-of-legends/champion/Talon-82",
     "img":  "http://ddragon.leagueoflegends.com/cdn/6.8.1/img/champion/Talon.png",
     "group": 1},
    {
     "name": "Taric",
     "graph_num": 101,
     "id":   44,
     "link": "http://www.mobafire.com/league-of-legends/champion/Taric-32",
     "img":  "http://ddragon.leagueoflegends.com/cdn/6.8.1/img/champion/Taric.png",
     "group": 1},
    {
     "name": "Teemo",
     "graph_num": 102,
     "id":   17,
     "link": "http://www.mobafire.com/league-of-legends/champion/Teemo-9",
     "img":  "http://ddragon.leagueoflegends.com/cdn/6.8.1/img/champion/Teemo.png",
     "group": 1},
    {
     "name": "Thresh",
     "graph_num": 103,
     "id":   412,
     "link": "http://www.mobafire.com/league-of-legends/champion/Thresh-110",
     "img":  "http://ddragon.leagueoflegends.com/cdn/6.8.1/img/champion/Thresh.png",
     "group": 2},
    {
     "name": "Tristana",
     "graph_num": 104,
     "id":   18,
     "link": "http://www.mobafire.com/league-of-legends/champion/Tristana-10",
     "img":  "http://ddragon.leagueoflegends.com/cdn/6.8.1/img/champion/Tristana.png",
     "group": 2},
    {
     "name": "Trundle",
     "graph_num": 105,
     "id":   48,
     "link": "http://www.mobafire.com/league-of-legends/champion/Trundle-65",
     "img":  "http://ddragon.leagueoflegends.com/cdn/6.8.1/img/champion/Trundle.png",
     "group": 1},
    {
     "name": "Tryndamere",
     "graph_num": 106,
     "id":   23,
     "link": "http://www.mobafire.com/league-of-legends/champion/Tryndamere-14",
     "img":  "http://ddragon.leagueoflegends.com/cdn/6.8.1/img/champion/Tryndamere.png",
     "group": 1},
    {
     "name": "Twisted Fate",
     "graph_num": 107,
     "id":   4,
     "link": "http://www.mobafire.com/league-of-legends/champion/Twisted-Fate-28",
     "img":  "http://ddragon.leagueoflegends.com/cdn/6.8.1/img/champion/TwistedFate.png",
     "group": 2},
    {
     "name": "Twitch",
     "graph_num": 108,
     "id":   29,
     "link": "http://www.mobafire.com/league-of-legends/champion/Twitch-20",
     "img":  "http://ddragon.leagueoflegends.com/cdn/6.8.1/img/champion/Twitch.png",
     "group": 1},
    {
     "name": "Udyr",
     "graph_num": 109,
     "id":   77,
     "link": "http://www.mobafire.com/league-of-legends/champion/Udyr-39",
     "img":  "http://ddragon.leagueoflegends.com/cdn/6.8.1/img/champion/Udyr.png",
     "group": 1},
    {
     "name": "Urgot",
     "graph_num": 110,
     "id":   6,
     "link": "http://www.mobafire.com/league-of-legends/champion/Urgot-58",
     "img":  "http://ddragon.leagueoflegends.com/cdn/6.8.1/img/champion/Urgot.png",
     "group": 1},
    {
     "name": "Varus",
     "graph_num": 111,
     "id":   110,
     "link": "http://www.mobafire.com/league-of-legends/champion/Varus-97",
     "img":  "http://ddragon.leagueoflegends.com/cdn/6.8.1/img/champion/Varus.png",
     "group": 1},
    {
     "name": "Vayne",
     "graph_num": 112,
     "id":   67,
     "link": "http://www.mobafire.com/league-of-legends/champion/Vayne-76",
     "img":  "http://ddragon.leagueoflegends.com/cdn/6.8.1/img/champion/Vayne.png",
     "group": 2},
    {
     "name": "Veigar",
     "graph_num": 113,
     "id":   45,
     "link": "http://www.mobafire.com/league-of-legends/champion/Veigar-33",
     "img":  "http://ddragon.leagueoflegends.com/cdn/6.8.1/img/champion/Veigar.png",
     "group": 1},
    {
     "name": "Vel'Koz",
     "graph_num": 114,
     "id":   161,
     "link": "http://www.mobafire.com/league-of-legends/champion/velkoz-118",
     "img":  "http://ddragon.leagueoflegends.com/cdn/6.8.1/img/champion/Velkoz.png",
     "group": 1},
    {
     "name": "Vi",
     "graph_num": 115,
     "id":   254,
     "link": "http://www.mobafire.com/league-of-legends/champion/Vi-109",
     "img":  "http://ddragon.leagueoflegends.com/cdn/6.8.1/img/champion/Vi.png",
     "group": 1},
    {
     "name": "Viktor",
     "graph_num": 116,
     "id":   112,
     "link": "http://www.mobafire.com/league-of-legends/champion/Viktor-90",
     "img":  "http://ddragon.leagueoflegends.com/cdn/6.8.1/img/champion/Viktor.png",
     "group": 1},
    {
     "name": "Vladimir",
     "graph_num": 117,
     "id":   8,
     "link": "http://www.mobafire.com/league-of-legends/champion/Vladimir-56",
     "img":  "http://ddragon.leagueoflegends.com/cdn/6.8.1/img/champion/Vladimir.png",
     "group": 1},
    {
     "name": "Volibear",
     "graph_num": 118,
     "id":   106,
     "link": "http://www.mobafire.com/league-of-legends/champion/Volibear-88",
     "img":  "http://ddragon.leagueoflegends.com/cdn/6.8.1/img/champion/Volibear.png",
     "group": 1},
    {
     "name": "Warwick",
     "graph_num": 119,
     "id":   19,
     "link": "http://www.mobafire.com/league-of-legends/champion/Warwick-11",
     "img":  "http://ddragon.leagueoflegends.com/cdn/6.8.1/img/champion/Warwick.png",
     "group": 1},
    {
     "name": "Wukong",
     "graph_num": 120,
     "id":   62,
     "link": "http://www.mobafire.com/league-of-legends/champion/Wukong-80",
     "img":  "http://ddragon.leagueoflegends.com/cdn/6.8.1/img/champion/MonkeyKing.png",
     "group": 1},
    {
     "name": "Xerath",
     "graph_num": 121,
     "id":   101,
     "link": "http://www.mobafire.com/league-of-legends/champion/Xerath-84",
     "img":  "http://ddragon.leagueoflegends.com/cdn/6.8.1/img/champion/Xerath.png",
     "group": 1},
    {
     "name": "Xin Zhao",
     "graph_num": 122,
     "id":   5,
     "link": "http://www.mobafire.com/league-of-legends/champion/xin-zhao-55",
     "img":  "http://ddragon.leagueoflegends.com/cdn/6.8.1/img/champion/XinZhao.png",
     "group": 1},
    {
     "name": "Yasuo",
     "graph_num": 123,
     "id":   157,
     "link": "http://www.mobafire.com/league-of-legends/champion/Yasuo-117",
     "img":  "http://ddragon.leagueoflegends.com/cdn/6.8.1/img/champion/Yasuo.png",
     "group": 2},
    {
     "name": "Yorick",
     "graph_num": 124,
     "id":   83,
     "link": "http://www.mobafire.com/league-of-legends/champion/Yorick-78",
     "img":  "http://ddragon.leagueoflegends.com/cdn/6.8.1/img/champion/Yorick.png",
     "group": 1},
    {
     "name": "Zac",
     "graph_num": 125,
     "id":   154,
     "link": "http://www.mobafire.com/league-of-legends/champion/Zac-112",
     "img":  "http://ddragon.leagueoflegends.com/cdn/6.8.1/img/champion/Zac.png",
     "group": 1},
    {
     "name": "Zed",
     "graph_num": 126,
     "id":   238,
     "link": "http://www.mobafire.com/league-of-legends/champion/Zed-107",
     "img":  "http://ddragon.leagueoflegends.com/cdn/6.8.1/img/champion/Zed.png",
     "group": 2},
    {
     "name": "Ziggs",
     "graph_num": 127,
     "id":   115,
     "link": "http://www.mobafire.com/league-of-legends/champion/Ziggs-92",
     "img":  "http://ddragon.leagueoflegends.com/cdn/6.8.1/img/champion/Ziggs.png",
     "group": 1},
    {
     "name": "Zilean",
     "graph_num": 128,
     "id":   26,
     "link": "http://www.mobafire.com/league-of-legends/champion/Zilean-17",
     "img":  "http://ddragon.leagueoflegends.com/cdn/6.8.1/img/champion/Zilean.png",
     "group": 1},
    {
     "name": "Zyra",
     "graph_num": 129,
     "id":   143,
     "link": "http://www.mobafire.com/league-of-legends/champion/Zyra-101",
     "img":  "http://ddragon.leagueoflegends.com/cdn/6.8.1/img/champion/Zyra.png",
     "group": 1}
  ],
  "links":[
    {"source":0,"target":56,"value":1},
    {"source":1,"target":25,"value":1},
    {"source":2,"target":56,"value":1},
    {"source":3,"target":103,"value":1},
    {"source":4,"target":56,"value":1},
    {"source":5,"target":107,"value":1},
    {"source":6,"target":56,"value":1},
    {"source":7,"target":59,"value":1},
    {"source":8,"target":59,"value":1},
    {"source":9,"target":59,"value":1},
    {"source":10,"target":103,"value":1},
    {"source":11,"target":56,"value":1},
    {"source":12,"target":25,"value":1},
    {"source":13,"target":103,"value":1},
    {"source":14,"target":59,"value":1},
    {"source":15,"target":112,"value":1},
    {"source":16,"target":25,"value":1},
    {"source":17,"target":59,"value":1},
    {"source":18,"target":56,"value":1},
    {"source":19,"target":56,"value":1},
    {"source":20,"target":56,"value":1},
    {"source":21,"target":59,"value":1},
    {"source":22,"target":56,"value":1},
    {"source":23,"target":56,"value":1},
    {"source":24,"target":56,"value":1},
    {"source":25,"target":59,"value":1},
    {"source":26,"target":56,"value":1},
    {"source":27,"target":59,"value":1},
    {"source":28,"target":56,"value":1},
    {"source":29,"target":59,"value":1},
    {"source":30,"target":56,"value":1},
    {"source":31,"target":59,"value":1},
    {"source":32,"target":59,"value":1},
    {"source":33,"target":56,"value":1},
    {"source":34,"target":56,"value":1},
    {"source":35,"target":56,"value":1},
    {"source":36,"target":59,"value":1},
    {"source":37,"target":59,"value":1},
    {"source":38,"target":56,"value":1},
    {"source":39,"target":103,"value":1},
    {"source":40,"target":56,"value":1},
    {"source":41,"target":56,"value":1},
    {"source":42,"target":56,"value":1},
    {"source":43,"target":59,"value":1},
    {"source":44,"target":59,"value":1},
    {"source":45,"target":59,"value":1},
    {"source":46,"target":39,"value":1},
    {"source":47,"target":59,"value":1},
    {"source":48,"target":25,"value":1},
    {"source":49,"target":59,"value":1},
    {"source":50,"target":59,"value":1},
    {"source":51,"target":59,"value":1},
    {"source":52,"target":56,"value":1},
    {"source":53,"target":56,"value":1},
    {"source":54,"target":59,"value":1},
    {"source":55,"target":56,"value":1},
    {"source":56,"target":59,"value":1},
    {"source":57,"target":103,"value":1},
    {"source":58,"target":59,"value":1},
    {"source":59,"target":25,"value":1},
    {"source":60,"target":25,"value":1},
    {"source":61,"target":25,"value":1},
    {"source":62,"target":59,"value":1},
    {"source":63,"target":59,"value":1},
    {"source":64,"target":59,"value":1},
    {"source":65,"target":56,"value":1},
    {"source":66,"target":59,"value":1},
    {"source":67,"target":59,"value":1},
    {"source":68,"target":103,"value":1},
    {"source":69,"target":39,"value":1},
    {"source":70,"target":59,"value":1},
    {"source":71,"target":103,"value":1},
    {"source":72,"target":56,"value":1},
    {"source":73,"target":56,"value":1},
    {"source":74,"target":56,"value":1},
    {"source":75,"target":56,"value":1},
    {"source":76,"target":59,"value":1},
    {"source":77,"target":56,"value":1},
    {"source":78,"target":56,"value":1},
    {"source":79,"target":59,"value":1},
    {"source":80,"target":56,"value":1},
    {"source":81,"target":56,"value":1},
    {"source":82,"target":56,"value":1},
    {"source":83,"target":56,"value":1},
    {"source":84,"target":56,"value":1},
    {"source":85,"target":56,"value":1},
    {"source":86,"target":56,"value":1},
    {"source":87,"target":56,"value":1},
    {"source":88,"target":56,"value":1},
    {"source":89,"target":56,"value":1},
    {"source":90,"target":56,"value":1},
    {"source":91,"target":56,"value":1},
    {"source":92,"target":56,"value":1},
    {"source":93,"target":59,"value":1},
    {"source":94,"target":56,"value":1},
    {"source":95,"target":39,"value":1},
    {"source":96,"target":39,"value":1},
    {"source":97,"target":25,"value":1},
    {"source":98,"target":59,"value":1},
    {"source":99,"target":56,"value":1},
    {"source":100,"target":56,"value":1},
    {"source":101,"target":103,"value":1},
    {"source":102,"target":56,"value":1},
    {"source":103,"target":59,"value":1},
    {"source":104,"target":59,"value":1},
    {"source":105,"target":103,"value":1},
    {"source":106,"target":56,"value":1},
    {"source":107,"target":59,"value":1},
    {"source":108,"target":59,"value":1},
    {"source":109,"target":56,"value":1},
    {"source":110,"target":59,"value":1},
    {"source":111,"target":59,"value":1},
    {"source":112,"target":59,"value":1},
    {"source":113,"target":25,"value":1},
    {"source":114,"target":25,"value":1},
    {"source":115,"target":56,"value":1},
    {"source":116,"target":59,"value":1},
    {"source":117,"target":59,"value":1},
    {"source":118,"target":56,"value":1},
    {"source":119,"target":59,"value":1},
    {"source":120,"target":56,"value":1},
    {"source":121,"target":25,"value":1},
    {"source":122,"target":56,"value":1},
    {"source":123,"target":56,"value":1},
    {"source":124,"target":56,"value":1},
    {"source":125,"target":56,"value":1},
    {"source":126,"target":56,"value":1},
    {"source":127,"target":25,"value":1},
    {"source":128,"target":103,"value":1},
    {"source":129,"target":39,"value":1}
  ]
}