[
{"name":"Aatrox","size":0,"imports":["Lee Sin"]},
{"name":"Ahri","size":1,"imports":["Alistar","Azir","Bard","Blitzcrank","Caitlyn","Corki","Diana","Ekko","Elise","Ezreal","Fiora","Fizz","Gangplank","Graves","Janna","Jinx","Kalista","LeBlanc","Lee Sin","Lucian","Lulu","Lux","Nidalee","Orianna","Riven","Sivir","Thresh","Tristana","Twisted Fate","Vayne","Viktor","Yasuo","Zed"]},
{"name":"Akali","size":2,"imports":["Lee Sin"]},
{"name":"Alistar","size":3,"imports":["Ahri","Bard","Blitzcrank","Braum","Caitlyn","Corki","Ekko","Elise","Ezreal","Gangplank","Gragas","Graves","Janna","Jinx","Kalista","Lee Sin","Lucian","Lulu","Malphite","Morgana","Nautilus","Nidalee","Rek'Sai","Riven","Shen","Sivir","Soraka","Tahm Kench","Thresh","Tristana","Trundle","Twisted Fate","Vayne","Yasuo","Zed"]},
{"name":"Amumu","size":4,"imports":["Lee Sin"]},
{"name":"Anivia","size":5,"imports":["Twisted Fate"]},
{"name":"Annie","size":6,"imports":["Ezreal","Janna","Lee Sin","Lucian","Thresh","Vayne"]},
{"name":"Ashe","size":7,"imports":["Caitlyn","Corki","Ezreal","Graves","Janna","Jinx","Kalista","Lee Sin","Lucian","Sivir","Thresh","Tristana","Vayne"]},
{"name":"Aurelion Sol","size":8,"imports":["Lucian"]},
{"name":"Azir","size":9,"imports":["Ahri","Corki","Ekko","Ezreal","Fiora","Fizz","Gangplank","Graves","Jinx","Kalista","LeBlanc","Lee Sin","Lucian","Lulu","Nidalee","Orianna","Riven","Thresh","Tristana","Twisted Fate","Vayne","Viktor","Yasuo","Zed"]},
{"name":"Bard","size":10,"imports":["Ahri","Alistar","Blitzcrank","Braum","Corki","Ekko","Elise","Ezreal","Gangplank","Gragas","Graves","Janna","Jinx","Kalista","Lee Sin","Lucian","Lulu","Morgana","Nautilus","Nidalee","Rek'Sai","Shen","Soraka","Tahm Kench","Thresh","Tristana","Twisted Fate","Vayne","Yasuo","Zed"]},
{"name":"Blitzcrank","size":11,"imports":["Ahri","Alistar","Bard","Braum","Caitlyn","Corki","Ekko","Elise","Ezreal","Gangplank","Gragas","Graves","Janna","Jinx","Kalista","LeBlanc","Lee Sin","Lucian","Lulu","Morgana","Nautilus","Nidalee","Rek'Sai","Rengar","Riven","Thresh","Tristana","Twisted Fate","Vayne","Yasuo","Zed"]},
{"name":"Brand","size":12,"imports":["Ezreal","Lucian","Thresh"]},
{"name":"Braum","size":13,"imports":["Alistar","Bard","Blitzcrank","Ekko","Ezreal","Gragas","Graves","Janna","Kalista","Lee Sin","Lucian","Lulu","Morgana","Nautilus","Rek'Sai","Shen","Soraka","Tahm Kench","Thresh","Vayne","Yasuo"]},
{"name":"Caitlyn","size":14,"imports":["Ahri","Alistar","Ashe","Blitzcrank","Corki","Ekko","Ezreal","Graves","Janna","Jhin","Jinx","Kalista","Lee Sin","Lucian","Lulu","Miss Fortune","Nidalee","Riven","Sivir","Thresh","Tristana","Twisted Fate","Vayne","Yasuo","Zed"]},
{"name":"Cassiopeia","size":15,"imports":["Vayne"]},
{"name":"Cho'Gath","size":16,"imports":["Ezreal"]},
{"name":"Corki","size":17,"imports":["Ahri","Alistar","Ashe","Azir","Bard","Blitzcrank","Caitlyn","Draven","Ekko","Elise","Ezreal","Fiora","Fizz","Gangplank","Gragas","Graves","Janna","Jhin","Jinx","Kalista","Kindred","Kog'Maw","LeBlanc","Lee Sin","Lucian","Lulu","Miss Fortune","Nidalee","Rek'Sai","Riven","Sivir","Thresh","Tristana","Twisted Fate","Vayne","Viktor","Yasuo","Zed"]},
{"name":"Darius","size":18,"imports":["Ekko","Ezreal","Fiora","Gangplank","Graves","Lee Sin","Lucian","Riven","Thresh","Vayne","Yasuo"]},
{"name":"Diana","size":19,"imports":["Ahri","Ekko","Ezreal","Graves","Lee Sin","Lucian","Riven","Twisted Fate","Vayne","Yasuo","Zed"]},
{"name":"Dr. Mundo","size":20,"imports":["Lee Sin"]},
{"name":"Draven","size":21,"imports":["Corki","Ezreal","Graves","Jinx","Kalista","Lee Sin","Lucian","Thresh","Tristana","Vayne","Yasuo"]},
{"name":"Ekko","size":22,"imports":["Ahri","Alistar","Azir","Bard","Blitzcrank","Braum","Caitlyn","Corki","Darius","Diana","Elise","Ezreal","Fiora","Fizz","Gangplank","Gnar","Gragas","Graves","Hecarim","Irelia","Janna","Jhin","Jinx","Kalista","Kha'Zix","Kindred","LeBlanc","Lee Sin","Lissandra","Lucian","Lulu","Lux","Malphite","Maokai","Morgana","Nautilus","Nidalee","Orianna","Poppy","Quinn","Rek'Sai","Rengar","Riven","Ryze","Shen","Sivir","Tahm Kench","Thresh","Tristana","Twisted Fate","Vayne","Viktor","Vladimir","Yasuo","Zed"]},
{"name":"Elise","size":23,"imports":["Ahri","Alistar","Bard","Blitzcrank","Corki","Ekko","Ezreal","Fizz","Gangplank","Gragas","Graves","Janna","Kalista","Kha'Zix","Kindred","LeBlanc","Lee Sin","Lucian","Lulu","Nidalee","Rek'Sai","Rengar","Riven","Thresh","Twisted Fate","Vayne","Yasuo","Zed"]},
{"name":"Evelynn","size":24,"imports":["Lee Sin","Nidalee","Rek'Sai"]},
{"name":"Ezreal","size":25,"imports":["Ahri","Alistar","Annie","Ashe","Azir","Bard","Blitzcrank","Brand","Braum","Caitlyn","Corki","Darius","Diana","Draven","Ekko","Elise","Fiora","Fizz","Gangplank","Gnar","Gragas","Graves","Hecarim","Irelia","Janna","Jarvan IV","Jax","Jhin","Jinx","Kalista","Kassadin","Kha'Zix","Kindred","Kog'Maw","LeBlanc","Lee Sin","Lissandra","Lucian","Lulu","Lux","Malphite","Maokai","Miss Fortune","Morgana","Nautilus","Nidalee","Orianna","Poppy","Quinn","Rek'Sai","Renekton","Rengar","Riven","Rumble","Ryze","Shen","Sivir","Soraka","Tahm Kench","Talon","Thresh","Tristana","Twisted Fate","Twitch","Varus","Vayne","Vi","Viktor","Vladimir","Yasuo","Zed"]},
{"name":"Fiddlesticks","size":26,"imports":["Lee Sin"]},
{"name":"Fiora","size":27,"imports":["Ahri","Azir","Corki","Darius","Ekko","Ezreal","Fizz","Gangplank","Gnar","Gragas","Graves","Irelia","Janna","Kalista","LeBlanc","Lee Sin","Lucian","Lulu","Malphite","Nautilus","Nidalee","Poppy","Rek'Sai","Rengar","Riven","Ryze","Shen","Thresh","Tristana","Twisted Fate","Vayne","Yasuo","Zed"]},
{"name":"Fizz","size":28,"imports":["Ahri","Azir","Corki","Ekko","Elise","Ezreal","Fiora","Gangplank","Gragas","Graves","Irelia","Janna","Kalista","LeBlanc","Lee Sin","Lucian","Lulu","Nidalee","Rek'Sai","Riven","Thresh","Twisted Fate","Vayne","Viktor","Yasuo","Zed"]},
{"name":"Galio","size":29,"imports":["Lucian"]},
{"name":"Gangplank","size":30,"imports":["Ahri","Alistar","Azir","Bard","Blitzcrank","Corki","Darius","Ekko","Elise","Ezreal","Fiora","Fizz","Gnar","Gragas","Graves","Hecarim","Irelia","Kalista","LeBlanc","Lee Sin","Lucian","Lulu","Malphite","Nautilus","Nidalee","Poppy","Rek'Sai","Rengar","Riven","Ryze","Shen","Tahm Kench","Thresh","Tristana","Twisted Fate","Vayne","Viktor","Yasuo","Zed"]},
{"name":"Garen","size":31,"imports":["Lucian"]},
{"name":"Gnar","size":32,"imports":["Ekko","Ezreal","Fiora","Gangplank","Graves","Lee Sin","Lucian","Lulu","Nidalee","Riven","Thresh","Vayne","Yasuo"]},
{"name":"Gragas","size":33,"imports":["Alistar","Bard","Blitzcrank","Braum","Corki","Ekko","Elise","Ezreal","Fiora","Fizz","Gangplank","Graves","Janna","Kalista","Kha'Zix","Kindred","Lee Sin","Lucian","Lulu","Nautilus","Nidalee","Rek'Sai","Rengar","Riven","Tahm Kench","Thresh","Twisted Fate","Vayne","Yasuo","Zed"]},
{"name":"Graves","size":34,"imports":["Ahri","Alistar","Ashe","Azir","Bard","Blitzcrank","Braum","Caitlyn","Corki","Darius","Diana","Draven","Ekko","Elise","Ezreal","Fiora","Fizz","Gangplank","Gnar","Gragas","Hecarim","Irelia","Janna","Jhin","Jinx","Kalista","Kha'Zix","Kindred","LeBlanc","Lee Sin","Lucian","Lulu","Malphite","Miss Fortune","Nautilus","Nidalee","Poppy","Quinn","Rek'Sai","Renekton","Rengar","Riven","Ryze","Shen","Sivir","Tahm Kench","Thresh","Tristana","Twisted Fate","Vayne","Viktor","Vladimir","Yasuo","Zed"]},
{"name":"Hecarim","size":35,"imports":["Ekko","Ezreal","Gangplank","Graves","Lee Sin","Lucian","Vayne","Yasuo"]},
{"name":"Heimerdinger","size":36,"imports":["Lucian"]},
{"name":"Illaoi","size":37,"imports":["Lucian"]},
{"name":"Irelia","size":38,"imports":["Ekko","Ezreal","Fiora","Fizz","Gangplank","Graves","Kalista","Lee Sin","Lucian","Nidalee","Riven","Thresh","Twisted Fate","Vayne","Yasuo","Zed"]},
{"name":"Janna","size":39,"imports":["Ahri","Alistar","Annie","Ashe","Bard","Blitzcrank","Braum","Caitlyn","Corki","Ekko","Elise","Ezreal","Fiora","Fizz","Gragas","Graves","Jinx","Kalista","Karma","LeBlanc","Lee Sin","Lucian","Lulu","Lux","Malphite","Miss Fortune","Morgana","Nami","Nautilus","Nidalee","Poppy","Rek'Sai","Riven","Shen","Sivir","Soraka","Tahm Kench","Thresh","Tristana","Trundle","Twisted Fate","Vayne","Yasuo","Zed"]},
{"name":"Jarvan IV","size":40,"imports":["Ezreal","Lee Sin","Lucian"]},
{"name":"Jax","size":41,"imports":["Ezreal","Lee Sin","Lucian","Vayne"]},
{"name":"Jayce","size":42,"imports":["Lee Sin"]},
{"name":"Jhin","size":43,"imports":["Caitlyn","Corki","Ekko","Ezreal","Graves","Jinx","Kalista","Lee Sin","Lucian","Sivir","Thresh","Tristana","Twisted Fate","Vayne","Yasuo","Zed"]},
{"name":"Jinx","size":44,"imports":["Ahri","Alistar","Ashe","Azir","Bard","Blitzcrank","Caitlyn","Corki","Draven","Ekko","Ezreal","Graves","Janna","Jhin","Kalista","LeBlanc","Lee Sin","Lucian","Lulu","Miss Fortune","Nidalee","Riven","Sivir","Thresh","Tristana","Twisted Fate","Vayne","Yasuo","Zed"]},
{"name":"Kalista","size":45,"imports":["Ahri","Alistar","Ashe","Azir","Bard","Blitzcrank","Braum","Caitlyn","Corki","Draven","Ekko","Elise","Ezreal","Fiora","Fizz","Gangplank","Gragas","Graves","Irelia","Janna","Jhin","Jinx","Kindred","Kog'Maw","LeBlanc","Lee Sin","Lucian","Lulu","Miss Fortune","Nidalee","Rek'Sai","Rengar","Riven","Sivir","Thresh","Tristana","Twisted Fate","Twitch","Vayne","Viktor","Yasuo","Zed"]},
{"name":"Karma","size":46,"imports":["Janna","Thresh"]},
{"name":"Karthus","size":47,"imports":["Lucian"]},
{"name":"Kassadin","size":48,"imports":["Ezreal","Lee Sin","Lucian","Twisted Fate","Yasuo","Zed"]},
{"name":"Katarina","size":49,"imports":["Lucian"]},
{"name":"Kayle","size":50,"imports":["Lucian"]},
{"name":"Kennen","size":51,"imports":["Lucian"]},
{"name":"Kha'Zix","size":52,"imports":["Ekko","Elise","Ezreal","Gragas","Graves","Lee Sin","Lucian","Nidalee","Rek'Sai","Rengar","Thresh","Vayne","Yasuo","Zed"]},
{"name":"Kindred","size":53,"imports":["Corki","Ekko","Elise","Ezreal","Gragas","Graves","Kalista","Lee Sin","Lucian","Nidalee","Rek'Sai","Rengar","Thresh","Vayne","Yasuo","Zed"]},
{"name":"Kog'Maw","size":54,"imports":["Corki","Ezreal","Kalista","Lee Sin","Lucian","Tristana","Vayne"]},
{"name":"LeBlanc","size":55,"imports":["Ahri","Azir","Blitzcrank","Corki","Ekko","Elise","Ezreal","Fiora","Fizz","Gangplank","Graves","Janna","Jinx","Kalista","Lee Sin","Lucian","Lulu","Lux","Nidalee","Orianna","Rengar","Riven","Thresh","Tristana","Twisted Fate","Vayne","Viktor","Yasuo","Zed"]},
{"name":"Lee Sin","size":56,"imports":["Ahri","Alistar","Annie","Ashe","Azir","Bard","Blitzcrank","Braum","Caitlyn","Corki","Darius","Diana","Dr. Mundo","Draven","Ekko","Elise","Evelynn","Ezreal","Fiora","Fizz","Gangplank","Gnar","Gragas","Graves","Hecarim","Irelia","Janna","Jarvan IV","Jax","Jhin","Jinx","Kalista","Kassadin","Kha'Zix","Kindred","Kog'Maw","LeBlanc","Lissandra","Lucian","Lulu","Lux","Malphite","Maokai","Master Yi","Miss Fortune","Morgana","Nautilus","Nidalee","Nunu","Olaf","Orianna","Pantheon","Poppy","Quinn","Rek'Sai","Renekton","Rengar","Riven","Rumble","Ryze","Shen","Shyvana","Sivir","Soraka","Tahm Kench","Talon","Thresh","Tristana","Trundle","Twisted Fate","Udyr","Vayne","Vi","Viktor","Vladimir","Yasuo","Zac","Zed"]},
{"name":"Leona","size":57,"imports":["Thresh"]},
{"name":"Lissandra","size":58,"imports":["Ekko","Ezreal","Lee Sin","Lucian","Lulu","Thresh","Twisted Fate","Vayne","Yasuo","Zed"]},
{"name":"Lucian","size":59,"imports":["Ahri","Alistar","Annie","Ashe","Azir","Bard","Blitzcrank","Brand","Braum","Caitlyn","Corki","Darius","Diana","Draven","Ekko","Elise","Ezreal","Fiora","Fizz","Gangplank","Gnar","Gragas","Graves","Hecarim","Irelia","Janna","Jarvan IV","Jax","Jhin","Jinx","Kalista","Kassadin","Kha'Zix","Kindred","Kog'Maw","LeBlanc","Lee Sin","Lissandra","Lulu","Lux","Malphite","Maokai","Master Yi","Miss Fortune","Morgana","Nautilus","Nidalee","Orianna","Poppy","Quinn","Rek'Sai","Renekton","Rengar","Riven","Rumble","Ryze","Shen","Shyvana","Sivir","Soraka","Tahm Kench","Talon","Thresh","Tristana","Trundle","Twisted Fate","Twitch","Varus","Vayne","Vi","Viktor","Vladimir","Yasuo","Zed"]},
{"name":"Lulu","size":60,"imports":["Ahri","Alistar","Azir","Bard","Blitzcrank","Braum","Caitlyn","Corki","Ekko","Elise","Ezreal","Fiora","Fizz","Gangplank","Gnar","Gragas","Graves","Janna","Jinx","Kalista","LeBlanc","Lee Sin","Lissandra","Lucian","Lux","Morgana","Nautilus","Nidalee","Orianna","Rek'Sai","Riven","Shen","Sivir","Soraka","Thresh","Tristana","Twisted Fate","Vayne","Viktor","Yasuo","Zed"]},
{"name":"Lux","size":61,"imports":["Ahri","Ekko","Ezreal","Janna","LeBlanc","Lee Sin","Lucian","Lulu","Thresh","Twisted Fate","Vayne","Zed"]},
{"name":"Malphite","size":62,"imports":["Alistar","Ekko","Ezreal","Fiora","Gangplank","Graves","Janna","Lee Sin","Lucian","Nautilus","Riven","Thresh","Vayne","Yasuo"]},
{"name":"Malzahar","size":63,"imports":["Lucian"]},
{"name":"Maokai","size":64,"imports":["Ekko","Ezreal","Lee Sin","Lucian","Thresh"]},
{"name":"Master Yi","size":65,"imports":["Lee Sin","Lucian"]},
{"name":"Miss Fortune","size":66,"imports":["Caitlyn","Corki","Ezreal","Graves","Janna","Jinx","Kalista","Lee Sin","Lucian","Sivir","Thresh","Tristana","Vayne"]},
{"name":"Mordekaiser","size":67,"imports":["Lucian"]},
{"name":"Morgana","size":68,"imports":["Alistar","Bard","Blitzcrank","Braum","Ekko","Ezreal","Janna","Lee Sin","Lucian","Lulu","Nautilus","Soraka","Thresh","Vayne"]},
{"name":"Nami","size":69,"imports":["Janna","Thresh"]},
{"name":"Nasus","size":70,"imports":["Lucian"]},
{"name":"Nautilus","size":71,"imports":["Alistar","Bard","Blitzcrank","Braum","Ekko","Ezreal","Fiora","Gangplank","Gragas","Graves","Janna","Lee Sin","Lucian","Lulu","Malphite","Morgana","Shen","Tahm Kench","Thresh","Vayne","Yasuo"]},
{"name":"Nidalee","size":72,"imports":["Ahri","Alistar","Azir","Bard","Blitzcrank","Caitlyn","Corki","Ekko","Elise","Evelynn","Ezreal","Fiora","Fizz","Gangplank","Gnar","Gragas","Graves","Irelia","Janna","Jinx","Kalista","Kha'Zix","Kindred","LeBlanc","Lee Sin","Lucian","Lulu","Rek'Sai","Rengar","Riven","Thresh","Tristana","Twisted Fate","Vayne","Viktor","Yasuo","Zed"]},
{"name":"Nocturne","size":73,"imports":["Lee Sin"]},
{"name":"Nunu","size":74,"imports":["Lee Sin"]},
{"name":"Olaf","size":75,"imports":["Lee Sin"]},
{"name":"Orianna","size":76,"imports":["Ahri","Azir","Ekko","Ezreal","LeBlanc","Lee Sin","Lucian","Lulu","Thresh","Twisted Fate","Vayne","Viktor","Yasuo","Zed"]},
{"name":"Pantheon","size":77,"imports":["Lee Sin"]},
{"name":"Poppy","size":78,"imports":["Ekko","Ezreal","Fiora","Gangplank","Graves","Janna","Lee Sin","Lucian","Thresh","Vayne","Yasuo"]},
{"name":"Quinn","size":79,"imports":["Ekko","Ezreal","Graves","Lee Sin","Lucian","Vayne","Yasuo"]},
{"name":"Rammus","size":80,"imports":["Lee Sin"]},
{"name":"Rek'Sai","size":81,"imports":["Alistar","Bard","Blitzcrank","Braum","Corki","Ekko","Elise","Evelynn","Ezreal","Fiora","Fizz","Gangplank","Gragas","Graves","Janna","Kalista","Kha'Zix","Kindred","Lee Sin","Lucian","Lulu","Nidalee","Rengar","Riven","Tahm Kench","Thresh","Tristana","Twisted Fate","Vayne","Yasuo","Zed"]},
{"name":"Renekton","size":82,"imports":["Ezreal","Graves","Lee Sin","Lucian","Vayne","Yasuo"]},
{"name":"Rengar","size":83,"imports":["Blitzcrank","Ekko","Elise","Ezreal","Fiora","Gangplank","Gragas","Graves","Kalista","Kha'Zix","Kindred","LeBlanc","Lee Sin","Lucian","Nidalee","Rek'Sai","Riven","Thresh","Twisted Fate","Vayne","Yasuo","Zed"]},
{"name":"Riven","size":84,"imports":["Ahri","Alistar","Azir","Blitzcrank","Caitlyn","Corki","Darius","Diana","Ekko","Elise","Ezreal","Fiora","Fizz","Gangplank","Gnar","Gragas","Graves","Irelia","Janna","Jinx","Kalista","LeBlanc","Lee Sin","Lucian","Lulu","Malphite","Nidalee","Rek'Sai","Rengar","Ryze","Thresh","Tristana","Twisted Fate","Vayne","Viktor","Yasuo","Zed"]},
{"name":"Rumble","size":85,"imports":["Ezreal","Lee Sin","Lucian"]},
{"name":"Ryze","size":86,"imports":["Ekko","Ezreal","Fiora","Gangplank","Graves","Lee Sin","Lucian","Riven","Twisted Fate","Vayne","Yasuo","Zed"]},
{"name":"Sejuani","size":87,"imports":["Lee Sin"]},
{"name":"Shaco","size":88,"imports":["Lee Sin"]},
{"name":"Shen","size":89,"imports":["Alistar","Bard","Braum","Ekko","Ezreal","Fiora","Gangplank","Graves","Janna","Lee Sin","Lucian","Lulu","Nautilus","Thresh","Vayne","Yasuo"]},
{"name":"Shyvana","size":90,"imports":["Lee Sin","Lucian"]},
{"name":"Singed","size":91,"imports":["Lee Sin"]},
{"name":"Sion","size":92,"imports":["Lee Sin"]},
{"name":"Sivir","size":93,"imports":["Ahri","Alistar","Ashe","Caitlyn","Corki","Ekko","Ezreal","Graves","Janna","Jhin","Jinx","Kalista","Lee Sin","Lucian","Lulu","Miss Fortune","Thresh","Tristana","Twisted Fate","Vayne","Yasuo","Zed"]},
{"name":"Skarner","size":94,"imports":["Lee Sin"]},
{"name":"Sona","size":95,"imports":["Janna"]},
{"name":"Soraka","size":96,"imports":["Alistar","Bard","Braum","Ezreal","Janna","Lee Sin","Lucian","Lulu","Morgana","Thresh","Vayne"]},
{"name":"Swain","size":97,"imports":["Ezreal"]},
{"name":"Syndra","size":98,"imports":["Lucian"]},
{"name":"Tahm Kench","size":99,"imports":["Alistar","Bard","Braum","Ekko","Ezreal","Gangplank","Gragas","Graves","Janna","Lee Sin","Lucian","Nautilus","Rek'Sai","Thresh","Vayne","Yasuo"]},
{"name":"Talon","size":100,"imports":["Ezreal","Lee Sin","Lucian"]},
{"name":"Taric","size":101,"imports":["Thresh"]},
{"name":"Teemo","size":102,"imports":["Lee Sin"]},
{"name":"Thresh","size":103,"imports":["Ahri","Alistar","Annie","Ashe","Azir","Bard","Blitzcrank","Brand","Braum","Caitlyn","Corki","Darius","Draven","Ekko","Elise","Ezreal","Fiora","Fizz","Gangplank","Gnar","Gragas","Graves","Irelia","Janna","Jhin","Jinx","Kalista","Karma","Kha'Zix","Kindred","LeBlanc","Lee Sin","Lissandra","Lucian","Lulu","Lux","Malphite","Maokai","Miss Fortune","Morgana","Nami","Nautilus","Nidalee","Orianna","Poppy","Rek'Sai","Rengar","Riven","Shen","Sivir","Soraka","Tahm Kench","Tristana","Trundle","Twisted Fate","Vayne","Viktor","Vladimir","Yasuo","Zed"]},
{"name":"Tristana","size":104,"imports":["Ahri","Alistar","Ashe","Azir","Bard","Blitzcrank","Caitlyn","Corki","Draven","Ekko","Ezreal","Fiora","Gangplank","Graves","Janna","Jhin","Jinx","Kalista","Kog'Maw","LeBlanc","Lee Sin","Lucian","Lulu","Miss Fortune","Nidalee","Rek'Sai","Riven","Sivir","Thresh","Twisted Fate","Vayne","Viktor","Yasuo","Zed"]},
{"name":"Trundle","size":105,"imports":["Alistar","Janna","Lee Sin","Lucian","Thresh"]},
{"name":"Tryndamere","size":106,"imports":["Lee Sin"]},
{"name":"Twisted Fate","size":107,"imports":["Ahri","Alistar","Azir","Bard","Blitzcrank","Caitlyn","Corki","Diana","Ekko","Elise","Ezreal","Fiora","Fizz","Gangplank","Gragas","Graves","Irelia","Janna","Jhin","Jinx","Kalista","Kassadin","LeBlanc","Lee Sin","Lissandra","Lucian","Lulu","Lux","Nidalee","Orianna","Rek'Sai","Rengar","Riven","Ryze","Sivir","Thresh","Tristana","Vayne","Viktor","Yasuo","Zed"]},
{"name":"Twitch","size":108,"imports":["Ezreal","Kalista","Lucian","Vayne"]},
{"name":"Udyr","size":109,"imports":["Lee Sin"]},
{"name":"Urgot","size":110,"imports":["Lucian"]},
{"name":"Varus","size":111,"imports":["Ezreal","Lucian","Vayne"]},
{"name":"Vayne","size":112,"imports":["Ahri","Alistar","Annie","Ashe","Azir","Bard","Blitzcrank","Braum","Caitlyn","Corki","Darius","Diana","Draven","Ekko","Elise","Ezreal","Fiora","Fizz","Gangplank","Gnar","Gragas","Graves","Hecarim","Irelia","Janna","Jax","Jhin","Jinx","Kalista","Kha'Zix","Kindred","Kog'Maw","LeBlanc","Lee Sin","Lissandra","Lucian","Lulu","Lux","Malphite","Miss Fortune","Morgana","Nautilus","Nidalee","Orianna","Poppy","Quinn","Rek'Sai","Renekton","Rengar","Riven","Ryze","Shen","Sivir","Soraka","Tahm Kench","Thresh","Tristana","Twisted Fate","Twitch","Varus","Viktor","Vladimir","Yasuo","Zed"]},
{"name":"Veigar","size":113,"imports":["Ezreal"]},
{"name":"Vel'Koz","size":114,"imports":["Ezreal"]},
{"name":"Vi","size":115,"imports":["Ezreal","Lee Sin","Lucian"]},
{"name":"Viktor","size":116,"imports":["Ahri","Azir","Corki","Ekko","Ezreal","Fizz","Gangplank","Graves","Kalista","LeBlanc","Lee Sin","Lucian","Lulu","Nidalee","Orianna","Riven","Thresh","Tristana","Twisted Fate","Vayne","Yasuo","Zed"]},
{"name":"Vladimir","size":117,"imports":["Ekko","Ezreal","Graves","Lee Sin","Lucian","Thresh","Vayne","Yasuo"]},
{"name":"Volibear","size":118,"imports":["Lee Sin"]},
{"name":"Warwick","size":119,"imports":["Lucian"]},
{"name":"Wukong","size":120,"imports":["Lee Sin"]},
{"name":"Xerath","size":121,"imports":["Ezreal"]},
{"name":"Xin Zhao","size":122,"imports":["Lee Sin"]},
{"name":"Yasuo","size":123,"imports":["Ahri","Alistar","Azir","Bard","Blitzcrank","Braum","Caitlyn","Corki","Darius","Diana","Draven","Ekko","Elise","Ezreal","Fiora","Fizz","Gangplank","Gnar","Gragas","Graves","Hecarim","Irelia","Janna","Jhin","Jinx","Kalista","Kassadin","Kha'Zix","Kindred","LeBlanc","Lee Sin","Lissandra","Lucian","Lulu","Malphite","Nautilus","Nidalee","Orianna","Poppy","Quinn","Rek'Sai","Renekton","Rengar","Riven","Ryze","Shen","Sivir","Tahm Kench","Thresh","Tristana","Twisted Fate","Vayne","Viktor","Vladimir","Zed"]},
{"name":"Yorick","size":124,"imports":["Lee Sin"]},
{"name":"Zac","size":125,"imports":["Lee Sin"]},
{"name":"Zed","size":126,"imports":["Ahri","Alistar","Azir","Bard","Blitzcrank","Caitlyn","Corki","Diana","Ekko","Elise","Ezreal","Fiora","Fizz","Gangplank","Gragas","Graves","Irelia","Janna","Jhin","Jinx","Kalista","Kassadin","Kha'Zix","Kindred","LeBlanc","Lee Sin","Lissandra","Lucian","Lulu","Lux","Nidalee","Orianna","Rek'Sai","Rengar","Riven","Ryze","Sivir","Thresh","Tristana","Twisted Fate","Vayne","Viktor","Yasuo"]},
{"name":"Ziggs","size":127,"imports":["Ezreal"]},
{"name":"Zilean","size":128,"imports":["Thresh"]},
{"name":"Zyra","size":129,"imports":["Janna"]}
]